url,title,price,is_free,downloads,rating,rating_count,categories,features,creator,creator_template_count,category_rank,last_updated,preview_image_count
https://app.notion.com/marketplace/templates/all-the-write-stuff,All the Write Stuff: Worldbuilding & Books System,$129.00,False,1.1K+,4.9,35 ratings,"Creators, Books, Notes & Knowledge, Work, Freelance, Life, Entertainment, Personal Productivity","Charts, Forms, Layouts, Formulas",My Novel Tools,4 templates,,Last updated 7 weeks ago,14
https://app.notion.com/marketplace/templates/client-list-crm,Client List (CRM),Free,True,24K+,4.9,500+ ratings,"CRM, Networking, Sales, Work, School, Career Building, Life",Layouts,EdriansNotes,27 templates,#1 in CRM,Last updated 6 weeks ago,2
https://app.notion.com/marketplace/templates/my-school-dashboard-aashna-sanghani,My School Dashboard,$0.99,False,40K+,4.8,900+ ratings,"School, Life, Learning, Hobbies",,Aashna Sanghani,3 templates,#21 in Learning,Last updated 25 weeks ago,8
https://app.notion.com/marketplace/templates/your-ultimate-library,My Library — Book Tracker,Free,True,27K+,4.9,700+ ratings,"Books, Writing, Personal Planner, Life, Entertainment, Hobbies, Personal Productivity","Charts, Formulas",siddh,4 templates,#1 in Hobbies,Last updated 25 weeks ago,2
https://app.notion.com/marketplace/templates/tekacrm,"CRM | Clients, Contacts, Deals, and Growth.",$10.00,False,322,4.8,6 ratings,"CRM, Personal CRM, Sales, Work, School, Career Building, Networking, Life","Charts, Layouts, Formulas",Teka,22 templates,,Last updated 17 weeks ago,2
https://app.notion.com/marketplace/templates/stardew-valley-perfection-tracker,stardew valley perfection tracker,Free,True,9.1K+,4.9,200+ ratings,"Video Games, Personal Productivity, Life, Entertainment",,Stella Jo,4 templates,#22 in Entertainment,,2
https://app.notion.com/marketplace/templates/my-love,Love,Free,True,1K+,4.9,34 ratings,"Journaling, Personal Planner, Dating & Relationships, Life, Personal Productivity",,SocKelle,2 templates,#9 in Dating & Relationships,,2
https://app.notion.com/marketplace/templates/travel-planner-itinerary-budget-checklist,"Travel Planner - Itinerary, Budget, Checklist",$1.50,False,1.6K+,5.0,31 ratings,"Travel, Travel Planner, Life","Charts, Layouts, Formulas",CL,5 templates,,Last updated 35 weeks ago,10
https://app.notion.com/marketplace/templates/puppy-planner-pro,Puppy Planner Pro,$3.00,False,492,5.0,4 ratings,"Pets, Personal Productivity, Personal Planner, Life, Hobbies","Charts, Layouts",Diego,2 templates,,Last updated 24 weeks ago,2
https://app.notion.com/marketplace/templates/my-reading-journal-blue-aesthetic-reading-log,Reading Log for Bookworms: The Quiet Library,$1.99,False,662,5.0,21 ratings,"Books, Hobbies, Student Life, Life, Entertainment, School",Formulas,avery's templates,avery's templates,,,2
https://app.notion.com/marketplace/templates/personalos,Personal OS,$4.90,False,3.5K+,4.8,95 ratings,"Personal Productivity, Personal Goals, Personal Dashboards, Life, Seasonal, New Years","Layouts, Formulas",Roy,5 templates,#1 in Personal Dashboards,Last updated 2 weeks ago,2
https://app.notion.com/marketplace/templates/daily-routine-planner,Daily Routine Planner | Simple Version,$8.00,False,1.8K+,4.9,67 ratings,"Personal Planner, Personal Goals, To-Do Lists, Habit Tracking, Meal Prep, Life, Personal Productivity, Seasonal, New Years, School, Student Life, Food & Nutrition",,Filipa Sofia 🌼 ADHD | Life,33 templates,#30 in To-Do Lists,Last updated 26 weeks ago,2
https://app.notion.com/marketplace/templates/flashcards-pugo,Flashcards,Free,True,14K+,4.8,100+ ratings,"Student Life, Teaching, Learning, School, Life, Hobbies",Formulas,mrpugo,226 templates,#2 in Learning,Last updated 33 weeks ago,6
https://app.notion.com/marketplace/templates/bill-payment,Recurring Payments OS,$7.00,False,6.5K+,4.9,71 ratings,"Personal Finance, Business Finance, Financial Services, Life, Work","Charts, Layouts, Formulas, Workflows & Automations",AMIIC Wealth,51 templates,#1 in Financial Services,Last updated 5 days ago,6
https://app.notion.com/marketplace/templates/company-os-app,Company OS + Wiki,$139.00,False,,5.0,2 ratings,"Operations, Company Intranet, Employee Directory, Work, Enterprise, Wiki, People & Org, HR","Feed, Layouts, Formulas",EdriansNotes,27 templates,,Last updated 24 weeks ago,12
https://app.notion.com/marketplace/templates/ultimate-tbr-book-tracker,Ultimate TBR Book Tracker,$0.99,False,477,4.9,16 ratings,"Books, Personal Productivity, Personal Goals, Life, Entertainment, Seasonal, New Years",Layouts,KB Custom Designs,21 templates,#40 in Books,Last updated 17 weeks ago,8
https://app.notion.com/marketplace/templates/ultimate-resource-library,Bookmark - Ultimate Resource Library,$48.00,False,1.4K+,4.9,46 ratings,"Notes & Knowledge, Knowledge Base, Product Knowledge Base, Marketing, Documentation, Life, Personal Productivity, Wiki, Work, Product, Docs",Formulas,Ecom Reserve,18 templates,,Last updated 26 weeks ago,2
https://app.notion.com/marketplace/templates/s3-content-creation-system,S3 Content Creation System,$19.98,False,219,5.0,5 ratings,"Social Media Planner, Content Calendar, Creators, Work, Marketing, Social Media, Project Management, Roadmaps & Calendars, Design, Freelance",Layouts,Soul Systems Studio,12 templates,,Last updated 24 weeks ago,14
https://app.notion.com/marketplace/templates/personal-crm-nodi,Personal CRM: Contacts and Birthday tracker,Free,True,4.5K+,4.9,89 ratings,"Personal CRM, CRM, Friends & Family, School, Career Building, Networking, Life, Work, Sales",Formulas,Nodi,8 templates,#9 in Friends & Family,Last updated 32 weeks ago,2
https://app.notion.com/marketplace/templates/homework-tracker-arno,Homework Tracker,$4.99,False,17K+,4.7,300+ ratings,"Student Planner, Student Life, Habit Tracking, School, Study Planner, Life, Personal Productivity",,arno,5 templates,,Last updated 43 weeks ago,6
https://app.notion.com/marketplace/templates/pet-training-tracker,Pet Training Tracker,Free,True,992,4.9,19 ratings,"Hobbies, Pets, Personal Goals, Life, Seasonal, New Years, Personal Productivity",,Mikaela Ann,1 template,,,2
https://app.notion.com/marketplace/templates/the-cozy-ceo-desk-for-small-business-owners,The Cozy CEO Desk – for Small Business Owners,$5.00,False,,5.0,3 ratings,"Brand Guidelines, Planning & Goals, Startup, Work, Marketing, Website Building, Design, Wiki, Knowledge Base, Project Management",,Art by Clouie,39 templates,,,12
https://app.notion.com/marketplace/templates/the-2026-life-planner-all-in-one-goal-habit-daily-plann,The 2026 Life Planner — All-in-One Planning System,Free,True,5.5K+,4.9,50 ratings,"Personal Planner, Planning & Goals, New Years, Life, Personal Productivity, Project Management, Seasonal",Formulas,heyismail,312 templates,#31 in Planning & Goals,Last updated 22 weeks ago,2
https://app.notion.com/marketplace/templates/theultimateweddingplanner,"Wedding Planner Budget, Itinerary, Tasks & More",Free,True,17K+,4.9,200+ ratings,"Weddings, Personal Planner, Budgets, Life, Dating & Relationships, Personal Productivity, School, Student Life, Personal Finance","Charts, Layouts, Formulas",Hey Gloria,2 templates,#7 in Budgets,Last updated 46 weeks ago,14
https://app.notion.com/marketplace/templates/travel-planner-pro,Travel Planner,$9.99,False,183,5.0,7 ratings,"Travel, Travel Planner, Travel Wishlists, Life",,The 5am Club,16 templates,,,2
https://app.notion.com/marketplace/templates/that-girl-s-wishlist-pinterest-shopping-list,That Girl's Shopping Wishlist,$5.00,False,186,4.6,7 ratings,"Gifts & Wish List, Life, Seasonal","Layouts, Formulas",Nicole Dziurman | Hyphen,16 templates,,Last updated 29 weeks ago,6
https://app.notion.com/marketplace/templates/quick-book-appointments,Quick Book Appointments,$0.99,False,732,4.7,14 ratings,"CRM, Work, Sales","Forms, Layouts",Alessandro Moretti | OverPress Media,3 templates,#28 in CRM,Last updated 43 weeks ago,6
https://app.notion.com/marketplace/templates/monthly-budget-tracker-2026,Monthly Budget Tracker 2026,Free,True,12K+,4.7,85 ratings,"Budgets, Expense Tracker, Business Finance, School, Student Life, Life, Personal Finance, Work","Charts, Formulas",ImeneM,22 templates,#5 in Expense Tracker,Last updated 13 weeks ago,6
https://app.notion.com/marketplace/templates/fantasy-novel-dashboard-enchanted-amethyst-edition,Fantasy Novel - Enchanted Amethyst Edition,$2.00,False,186,5.0,7 ratings,"Hobbies, Project Plans, Books, Life, Docs, Entertainment",Layouts,KB Custom Designs,21 templates,#50 in Project Plans,Last updated 18 weeks ago,14
https://app.notion.com/marketplace/templates/designer-os-dashboard,Designer OS Dashboard,$9.00,False,173,5.0,5 ratings,"Freelance, Design Brief, Design, Work, Product, Docs, Proposals & Pitches",,NotiNova,23 templates,,Last updated 19 weeks ago,2
https://app.notion.com/marketplace/templates/blog-studio-website-for-bloggers,Blog Studio: Website for Bloggers,Free,True,458,4.8,19 ratings,"Blogging, Website Building, Personal Website, Work, Life, Hobbies, School, Career Building, Personal Productivity",Layouts,DAY,19 templates,,Last updated 46 weeks ago,2
https://app.notion.com/marketplace/templates/blossum-s-free-ultimate-vtuber-content-creator-planner,blossum's ULTIMATE vtuber/content creator planner,Free,True,1.1K+,5.0,53 ratings,"Social Media, Social Media Planner, Personal Website, Work, Marketing, Project Management, Roadmaps & Calendars, School, Career Building, Life, Website Building, Personal Productivity",,blossum,1 template,#32 in Social Media Planner,,2
https://app.notion.com/marketplace/templates/out-of-a-slump,Out Of A Slump,$5.99,False,830,4.9,25 ratings,"Journaling, Health & Fitness, Personal Planner, Life, Personal Productivity",Formulas,IdeaLa,25 templates,,Last updated 35 weeks ago,16
https://app.notion.com/marketplace/templates/the-dungeon-master-zone,The dungeon master zone,Free,True,1.7K+,5.0,65 ratings,"Hobbies, Video Games, Personal Planner, Life, Entertainment, Personal Productivity",,Stella Jo,4 templates,#18 in Video Games,,2
https://app.notion.com/marketplace/templates/personal-resume-pro,Personal Resume,$1.00,False,276,4.9,8 ratings,"Portfolio, Design Portfolio, Resume, Work, Website Building, School, Career Building, Personal Website, Life, Personal Productivity, Job Search, Design",,The 5am Club,16 templates,,,2
https://app.notion.com/marketplace/templates/second-brain-os-775,Second Brain OS,Free,True,3.8K+,4.8,59 ratings,"Work Dashboards, Learning, Personal Productivity, Work, Life, Hobbies",,Yahye ataa,2 templates,#1 in Work Dashboards,Last updated 10 weeks ago,14
https://app.notion.com/marketplace/templates/aesthetic-pink-study-dashboard-planner,aesthetic pink study dashboard / planner,$1.99,False,1.7K+,4.9,59 ratings,"Planning & Goals, Study Planner, Student Planner, Project Management, School",,wiktoria,1 template,,Last updated 39 weeks ago,2
https://app.notion.com/marketplace/templates/budget-cost-tracker,Ultimate Budget & Cost Tracker,$5.99,False,922,4.8,10 ratings,"Budgets, Personal Finance, Business Finance, School, Student Life, Life, Work","Charts, Formulas",Thomas Cerulis,42 templates,,Last updated 5 weeks ago,8
https://app.notion.com/marketplace/templates/personal-finance-trackers,Personal Finance Tracker,$29.00,False,464,4.9,18 ratings,"Personal Finance, Budgets, Life, School, Student Life",Formulas,Linda,33 templates,,Last updated 6 weeks ago,14
https://app.notion.com/marketplace/templates/ultimate-brain,Ultimate Brain,$129.00,False,1K+,4.9,54 ratings,"Journaling, Notes & Knowledge, Life, Personal Productivity","Layouts, Formulas, Workflows & Automations",Thomas Frank,10 templates,#11 in Notes & Knowledge,Last updated 15 weeks ago,12
https://app.notion.com/marketplace/templates/fantasy-worldbuilding-story-planner,Fantasy Worldbuilding & Novel Planning,$49.99,False,113,5.0,8 ratings,"Books, Notes & Knowledge, Writing, Life, Entertainment, Personal Productivity, Hobbies","Layouts, Formulas",Rita from Quill&Steel,9 templates,,Last updated 31 weeks ago,16
https://app.notion.com/marketplace/templates/social-media-content-strategy-planner,Social Media Planner for Content Creators,$15.00,False,1K+,4.9,37 ratings,"Social Media Planner, Social Media, Content Calendar, Work, Marketing, Project Management, Roadmaps & Calendars, Design",Formulas,Knowledge Unicorn,6 templates,#19 in Content Calendar,Last updated 32 weeks ago,12
https://app.notion.com/marketplace/templates/self-study-manager,Self Study Manager,$15.00,False,68,5.0,3 ratings,"Student Life, Study Planner, Learning, School, Life, Hobbies","Layouts, Formulas",Eri | Systems for Creators & Consultants,28 templates,,Last updated 3 weeks ago,12
https://app.notion.com/marketplace/templates/finance-tracker-budget-dashboard,Finance Tracker – Budget & Expense Dashboard,$0.99,False,665,5.0,10 ratings,"Personal Finance, Planning & Goals, Personal Goals, Life, Project Management, Seasonal, New Years, Personal Productivity","Charts, Formulas, Workflows & Automations",Kevin Van de Voorde,2 templates,,Last updated 46 weeks ago,6
https://app.notion.com/marketplace/templates/aws-story-bible,Story Bible & Worldbuilding Lexicon,$9.99,False,339,4.8,11 ratings,"Creators, Books, Notes & Knowledge, Work, Freelance, Life, Entertainment, Personal Productivity","Forms, Layouts",My Novel Tools,4 templates,#36 in Creators,Last updated 7 weeks ago,12
https://app.notion.com/marketplace/templates/college-student-dashboard-781,College Student Dashboard,$2.00,False,2.2K+,4.8,65 ratings,"Student Dashboards, Habit Tracking, Student Planner, School, Student Life, Life, Personal Productivity, Study Planner",Formulas,Grace's Corners,4 templates,#10 in Student Dashboards,Last updated 22 weeks ago,14
https://app.notion.com/marketplace/templates/company-home-gallery,Company Home Gallery,Free,True,5.5K+,4.8,100+ ratings,"Company Planning, Company Intranet, Company Home Page, Work, Enterprise, Operations, Project Management, Planning & Goals, Wiki, HR",,mrpugo,226 templates,#9 in HR,,2
https://app.notion.com/marketplace/templates/habit-tracker-328,Habit Tracker,Free,True,8K+,4.7,100+ ratings,"New Years, Personal Productivity, Habit Tracking, Life, Seasonal, School, Student Life",Formulas,Dash Smith,10 templates,#28 in New Years,Last updated 19 weeks ago,6
https://app.notion.com/marketplace/templates/recreational-essay-writing,Recreational Essay Writing,$15.00,False,286,5.0,7 ratings,"Writing, Journaling, Personal Annual Review, Zettelkasten, Life, Hobbies, Personal Productivity, Seasonal, New Years","Layouts, Formulas",Eri | Systems for Creators & Consultants,28 templates,#21 in Writing,Last updated 2 weeks ago,14
https://app.notion.com/marketplace/templates/my-complete-planner,My Complete Planner - Updated for 2026,$4.00,False,352,5.0,11 ratings,"Planning & Goals, Personal Goals, Student Planner, Project Management, Life, Seasonal, New Years, Personal Productivity, School, Study Planner",Layouts,HWaalls,12 templates,,Last updated 24 weeks ago,2
https://app.notion.com/marketplace/templates/personal-landing-page,Personal Landing Page,$2.98,False,1.2K+,5.0,27 ratings,"Website Building, Personal Website, Work, School, Career Building, Life, Personal Productivity",,Affouet_emma,14 templates,,Last updated 16 weeks ago,2
https://app.notion.com/marketplace/templates/content-writing-dashboard,Content Writing Dashboard,Free,True,3.9K+,4.9,93 ratings,"Content Calendar, Blogging, Writing, Work, Marketing, Design, Project Management, Roadmaps & Calendars, Website Building, Life, Hobbies",Formulas,Matterz Co.,14 templates,#24 in Writing,,6
https://app.notion.com/marketplace/templates/2026-relationships-reputation-manager,2026 Relationships & Reputation Manager,$4.99,False,,5.0,,"Dating & Relationships, Personal CRM, Networking, Life, School, Career Building, Work, Sales, CRM","Layouts, Formulas, Workflows & Automations",Mohamed Baazzi,2 templates,,Last updated 23 weeks ago,2
https://app.notion.com/marketplace/templates/student-portfolio,Student Portfolio,Free,True,12K+,4.9,200+ ratings,"Personal Website, Portfolio, Design Portfolio, School, Career Building, Life, Work, Website Building, Personal Productivity, Job Search, Design",,starringmoon | tech & lifestyle templates ✩⋆⁺₊,starringmoon | tech & lifestyle templates ✩⋆⁺₊,#7 in Personal Website,,2
https://app.notion.com/marketplace/templates/life-rpg-884,LIFE RPG,Free,True,4.8K+,4.8,52 ratings,"Personal Productivity, Video Games, Personal Planner, Life, Entertainment",Formulas,Zachary Yu,3 templates,#34 in Entertainment,Last updated 41 weeks ago,2
https://app.notion.com/marketplace/templates/split-group-expenses,Split Group Expenses,$5.00,False,422,4.5,8 ratings,"Personal Productivity, Personal Finance, Friends & Family, Life",Formulas,madebydna,2 templates,,Last updated 45 weeks ago,6
https://app.notion.com/marketplace/templates/centro-de-h-bitos-sistema-de-registros-es,Habits Tracker - Set your Goals,$1.99,False,55K+,4.8,1K+ ratings,"Habit Tracking, Planning & Goals, Personal Productivity, School, Student Life, Life, Project Management","Charts, Layouts, Formulas, Workflows & Automations",Victor Abarca,7 templates,#1 in Habit Tracking,Last updated 45 weeks ago,2
https://app.notion.com/marketplace/templates/real-estate-agent-os,Real Estate Agent OS — All-in-one toolkit!,$49.00,False,61,5.0,32 ratings,"Real Estate, Property Management, Business Finance, Work, Freelance",Formulas,Murad,64 templates,,Last updated 2 weeks ago,14
https://app.notion.com/marketplace/templates/second-brain-business,Second Brain Business,$79.00,False,1.7K+,4.7,37 ratings,"Personal Productivity, Notes & Knowledge, Freelance, Life, Work","Layouts, Workflows & Automations",Brainblocs,9 templates,,Last updated 33 weeks ago,12
https://app.notion.com/marketplace/templates/ielts-vocabulary,IELTS Vocabulary,Free,True,2.6K+,5.0,40 ratings,"Back to school, School Applications, Learning, School, Life, Hobbies",,Khanh-Xuan,1 template,#10 in Back to school,Last updated 50 weeks ago,8
https://app.notion.com/marketplace/templates/real-estate-crm-n4b,Real Estate CRM,Free,True,581,5.0,12 ratings,"CRM, Real Estate, Business Model Canvas, Work, Sales, Freelance, Operations",Charts,Nation4Business,640 templates,#22 in CRM,Last updated 31 weeks ago,2
https://app.notion.com/marketplace/templates/moneymap-personal-finance-tracker,MoneyMap - Personal Finance Tracker,$5.00,False,824,4.9,10 ratings,"Personal Finance, Budgets, Life, School, Student Life","Charts, Layouts, Formulas",Hive,8 templates,#33 in Budgets,Last updated 27 weeks ago,8
https://app.notion.com/marketplace/templates/couples-tracker-for-dates-important-days,Couples’ Tracker for Dates & Important Days,Free,True,944,5.0,16 ratings,"Dating & Relationships, Life",Layouts,Rho's Flow,3 templates,#16 in Dating & Relationships,Last updated 46 weeks ago,10
https://app.notion.com/marketplace/templates/teach-yourself-anything,DIY Online Course – Self-Paced Study Planner,$5.00,False,467,5.0,12 ratings,"Study Planner, Student Dashboards, Course Site, School, Work, Website Building, Teaching",Layouts,Sarah Rae Draws,6 templates,,Last updated 5 weeks ago,2
https://app.notion.com/marketplace/templates/my-recipe-book-digital-recipe-organizer,My Recipe Book + Recipes,$3.99,False,25K+,4.9,300+ ratings,"Health & Fitness, Meal Prep, Recipes, Life, Food & Nutrition",Layouts,avery's kitchen studio,3 templates,#2 in Meal Prep,Last updated 13 weeks ago,2
https://app.notion.com/marketplace/templates/itgirlcontentcalendar,Aesthetic Content Creator Calendar,$2.99,False,2.3K+,4.9,61 ratings,"Social Media, Social Media Planner, Content Calendar, Work, Marketing, Project Management, Roadmaps & Calendars, Design",Formulas,The Online Edit | Nicole,6 templates,,Last updated 31 weeks ago,6
https://app.notion.com/marketplace/templates/all-in-one-mom-and-family-life-planner,All in One Mom and Family Life Planner,$21.00,False,59,5.0,3 ratings,"Friends & Family, Personal Planner, Personal Productivity, Life",Formulas,Creative Koala,81 templates,,Last updated 13 weeks ago,12
https://app.notion.com/marketplace/templates/simple-finance-tracker-by-lifecanvas,Simple Finance Tracker,Free,True,17K+,4.9,200+ ratings,"Expense Tracker, Personal Finance, Budgets, Life, Work, Business Finance, School, Student Life","Charts, Layouts, Formulas",Lifecanvas,23 templates,#1 in Expense Tracker,Last updated 15 weeks ago,2
https://app.notion.com/marketplace/templates/clean-girl-dashboard,CLEAN GIRL DASHBOARD,$1.99,False,1.2K+,4.9,29 ratings,"Journaling, Personal Planner, Health & Fitness, Life, Personal Productivity",,AMA's design,1 template,,Last updated 14 weeks ago,2
https://app.notion.com/marketplace/templates/book-planning,Book Writing & Planning,$4.99,False,4K+,4.8,100+ ratings,"Writing, Project Plans, Books, Life, Hobbies, Docs, Entertainment","Layouts, Formulas",Noemí Seoane,1 template,#39 in Writing,Last updated 21 weeks ago,6
https://app.notion.com/marketplace/templates/real-estate-crm-os-properties-leads-tenants-manager,"Real Estate CRM | Properties, Leads Manager",Free,True,436,5.0,13 ratings,"Real Estate, Property Management, Sales, Work, Freelance",,heyismail,312 templates,#11 in Sales,Last updated 17 weeks ago,2
https://app.notion.com/marketplace/templates/content-planning-kanban,Content Planning Kanban,Free,True,8.6K+,4.9,100+ ratings,"Content Calendar, Startup, Kanban, Work, Marketing, Design, Project Management, Roadmaps & Calendars, Engineering, Issue Tracking","Charts, Layouts",mrpugo,226 templates,#6 in Kanban,Last updated 38 weeks ago,6
https://app.notion.com/marketplace/templates/homework-task-manager,Task List,$0.99,False,11K+,4.9,300+ ratings,"Personal Productivity, Kanban, Life, Work, Engineering, Project Management, Issue Tracking",,Notch,2 templates,,Last updated 22 weeks ago,12
https://app.notion.com/marketplace/templates/ultimate-writer,Ultimate Writer: Writing Suite and Story Planner,$2.99,False,449,4.8,20 ratings,"Writing, Hobbies, Books, Life, Entertainment",Layouts,Devano,6 templates,,Last updated 46 weeks ago,10
https://app.notion.com/marketplace/templates/sales-pipeline-with-automations,Sales Pipeline with Automations,Free,True,12K+,4.9,100+ ratings,"Workflows & Automations, Sales, CRM, Sales Rollup, Charts, Work, Project Management, Planning & Goals","Charts, Workflows & Automations",Notion,554 templates,#7 in CRM,Last updated 45 weeks ago,10
https://app.notion.com/marketplace/templates/sops-by-sentele,SOPs,Free,True,731,5.0,11 ratings,"Standard Operating Procedure (SOP), Operations, Startup Operations, Docs, Documentation, Work, Startup","Charts, Layouts",Sentele,81 templates,#9 in Startup,Last updated 16 weeks ago,2
https://app.notion.com/marketplace/templates/career-advancement-system,Career Growth & Advancement Planner,$15.00,False,561,5.0,8 ratings,"Career Building, Career Development Plans, Careers Page, School, Life, Work, Managers, Docs, Documentation, Performance Reviews, HR, Website Building","Layouts, Formulas",Rachel Prudil,16 templates,,Last updated 14 weeks ago,14
https://app.notion.com/marketplace/templates/planner-171,Planner,Free,True,4K+,4.9,84 ratings,"Personal Planner, Weekly Planner, Monthly Planner, Life, Personal Productivity",,avery,4 templates,#10 in Monthly Planner,Last updated 45 weeks ago,2
https://app.notion.com/marketplace/templates/bible-study-journal-930,BIBLE STUDY JOURNAL,$9.00,False,1.3K+,5.0,27 ratings,"Journaling, Personal Productivity, Religion, Life",,MrMOBS,8 templates,#35 in Journaling,Last updated 6 weeks ago,8
https://app.notion.com/marketplace/templates/couples-dashboard,Couples Dashboard,$10.00,False,,5.0,2 ratings,"Dating & Relationships, Friends & Family, Personal Planner, Life, Personal Productivity",Formulas,yeni,9 templates,,Last updated 21 weeks ago,8
https://app.notion.com/marketplace/templates/pet-hub-255,Pet Manager,$4.99,False,3.2K+,4.9,72 ratings,"Pets, Personal Home, Life, Hobbies, Personal Productivity",Formulas,Jiji,3 templates,,Last updated 45 weeks ago,12
https://app.notion.com/marketplace/templates/benny-builds-it-clarity-os,Clarity OS | Second Brain (2026),$99.00,False,193,4.8,24 ratings,"Personal Productivity, Second Brain, PARA Method, Life","Layouts, Formulas, Workflows & Automations",Benny Builds It,11 templates,,Last updated 17 weeks ago,16
https://app.notion.com/marketplace/templates/founder-os-the-all-in-one-startup-operating-system,Founder OS — All-in-One Startup Operating System,Free,True,4.4K+,4.8,68 ratings,"Founders, Startup Operations, Starting a Startup, Work, Startup",,heyismail,312 templates,#3 in Startup,Last updated 21 weeks ago,12
https://app.notion.com/marketplace/templates/level-up-fitness-quest,Level Up Fitness Quest,Free,True,2.4K+,5.0,33 ratings,"Fitness Tracking, Health & Fitness, Video Games, Life, Entertainment","Charts, Formulas",flowstudio,72 templates,#17 in Fitness Tracking,Last updated 46 weeks ago,8
https://app.notion.com/marketplace/templates/habit-weekly-tracker,Aesthetic Habit Tracker,$5.99,False,34K+,4.9,1K+ ratings,"Habit Tracking, Personal Planner, Personal Productivity, School, Student Life, Life",Formulas,Shaleen | template Fairy 🪄🌷,Shaleen | template Fairy 🪄🌷,#32 in Habit Tracking,Last updated 19 weeks ago,8
https://app.notion.com/marketplace/templates/publishing-on-substack,Publishing on Substack,Free,True,582,4.6,18 ratings,"Content Calendar, Blogging, Editorial Calendar, Work, Marketing, Design, Project Management, Roadmaps & Calendars, Website Building, Life, Hobbies","Forms, Layouts",PLR 4 Coaches,4 templates,#32 in Content Calendar,Last updated 26 weeks ago,2
https://app.notion.com/marketplace/templates/blog-website-narrative-theme,Blog website – Narrative theme,Free,True,543,4.9,19 ratings,"Website Building, Personal Website, Blogging, Work, School, Career Building, Life, Personal Productivity, Hobbies",,Super,11 templates,#50 in Personal Website,,6
https://app.notion.com/marketplace/templates/website-101personal,Personal Website Ver.1,$9.00,False,196,4.9,9 ratings,"Design Portfolio, Personal Website, Design, Work, Website Building, Portfolio, School, Career Building, Life, Personal Productivity, Job Search",Feed,Pathom,1 template,,Last updated 34 weeks ago,2
https://app.notion.com/marketplace/templates/finance-management-lobainferyum,Finance & Management,$2.99,False,2.7K+,4.9,44 ratings,"Business Finance, Freelance, Work",Formulas,Loba,1 template,,Last updated 10 weeks ago,2
https://app.notion.com/marketplace/templates/weekly-schedule,weekly schedule,$2.00,False,12K+,4.8,300+ ratings,"Weekly Planner, Student Planner, Habit Tracking, Life, Personal Productivity, Personal Planner, School, Study Planner, Student Life",Formulas,maia,10 templates,#12 in Weekly Planner,Last updated 39 weeks ago,2
https://app.notion.com/marketplace/templates/personal-finance-tracker-990,Personal Finance Tracker,$4.99,False,17K+,4.8,100+ ratings,"Personal Finance, Budgets, Business Finance, Life, School, Student Life, Work","Charts, Layouts, Formulas",Guille T.M.,10 templates,,Last updated 45 weeks ago,10
https://app.notion.com/marketplace/templates/75-medium,75 Medium Challange,$3.00,False,3.5K+,4.8,100+ ratings,"Health & Fitness, New Years, Personal Goals, Life, Seasonal, Personal Productivity",,D,2 templates,,,2
https://app.notion.com/marketplace/templates/python-roadmap,Python Roadmap,Free,True,10K+,4.9,100+ ratings,"Learning, Project Roadmap, Student Planner, Life, Hobbies, Project Management, Roadmaps & Calendars, School, Study Planner","Charts, Layouts",Data With Baraa,7 templates,#2 in Project Roadmap,Last updated 34 weeks ago,2
https://app.notion.com/marketplace/templates/100-romantic-dates-special-valentines-day,100 Romantic Dates,$4.99,False,842,4.7,13 ratings,"Dating & Relationships, Journaling, Life, Personal Productivity","Charts, Layouts, Formulas, Workflows & Automations",Ivy Saskia,101 templates,#15 in Dating & Relationships,Last updated 7 weeks ago,14
https://app.notion.com/marketplace/templates/gamified-tasking-system,Gamified Tasking System,$5.00,False,902,5.0,7 ratings,"To-Do Lists, Video Games, Life, Personal Productivity, Entertainment","Layouts, Formulas, Workflows & Automations",itsmejoshiee,3 templates,,Last updated 28 weeks ago,2
https://app.notion.com/marketplace/templates/learning-tracker-937,Learning Tracker,Free,True,568,5.0,8 ratings,"Student Life, Learning, Habit Tracking, School, Life, Hobbies, Personal Productivity","Charts, Layouts, Formulas",nickybricks,1 template,#11 in Learning,Last updated 14 weeks ago,2
https://app.notion.com/marketplace/templates/real-estate-agent-hub-253,Real Estate Agent Hub,$49.00,False,69,5.0,29 ratings,"Real Estate, Property Management, Housing, Work, Freelance, Life","Layouts, Formulas",Murad,64 templates,,Last updated 2 weeks ago,14
https://app.notion.com/marketplace/templates/all-in-one-talent-agency-dashboard,All-in-One Talent Agency Dashboard,$40.00,False,62,5.0,3 ratings,"Social Media, CRM, Creators, Work, Marketing, Sales, Freelance","Charts, Layouts, Formulas, Workflows & Automations",Sunspires,4 templates,,Last updated 14 weeks ago,14
https://app.notion.com/marketplace/templates/simple-finance-income-spendings-balance,"Simple Finance - Income, Spendings & Balance",$2.00,False,2.3K+,4.9,42 ratings,"Business Finance, Startup, Operations, Work",Formulas,low code lab,24 templates,,Last updated 45 weeks ago,2
https://app.notion.com/marketplace/templates/writer-s-toolkit-craft-compendium,Writer's Toolkit & Craft Compendium,$8.00,False,63,5.0,3 ratings,"Writing, Knowledge Base, Notes & Knowledge, Books, Process Guidelines, Life, Hobbies, Wiki, Personal Productivity, Entertainment, Docs, Documentation, Work, Operations",,Tovo,6 templates,,Last updated 26 weeks ago,14
https://app.notion.com/marketplace/templates/gantt-chart-pugo,Gantt Chart,Free,True,31K+,4.9,500+ ratings,"Gantt Chart, Kanban, Product Roadmap, Project Management, Issue Tracking, Work, Engineering, Roadmaps & Calendars, Product",,mrpugo,226 templates,,Last updated 46 weeks ago,2
https://app.notion.com/marketplace/templates/monthly-personal-finance-tracker,Monthly personal finance tracker,$2.00,False,3.7K+,4.8,56 ratings,"Personal Finance, Budgets, Life, School, Student Life",,Sunnie Studio,1 template,,Last updated 40 weeks ago,2
https://app.notion.com/marketplace/templates/ship-board-tasks-to-done,Ship Board — Tasks to Done,Free,True,2.6K+,4.9,56 ratings,"Personal Productivity, Personal Planner, Kanban, Life, Work, Engineering, Project Management, Issue Tracking",,mrpugo,226 templates,,Last updated 31 weeks ago,2
https://app.notion.com/marketplace/templates/filmdiary-os-letterboxd-style-movie-tracker,FilmDiary OS — Letterboxd-style Movie Tracker,$1.00,False,1.6K+,4.9,43 ratings,"Movies, Hobbies, Video & Film, Life, Entertainment, Work, Freelance, Creators",,AnaTemplates,9 templates,,Last updated 15 weeks ago,10
https://app.notion.com/marketplace/templates/social-media-content-planners,Social Media Content Planner,$29.00,False,2.2K+,5.0,100+ ratings,"Creators, Social Media, Social Media Planner, Work, Freelance, Marketing, Project Management, Roadmaps & Calendars",,Linda,33 templates,,Last updated 6 weeks ago,14
https://app.notion.com/marketplace/templates/travel-itinerary-783,Travel itinerary,$0.99,False,1.3K+,4.8,30 ratings,"Travel Planner, Life, Travel",,SunJuiced Threads,2 templates,,Last updated 22 weeks ago,2
https://app.notion.com/marketplace/templates/all-in-one-travel-planner-421,All-in-One Travel Planner,Free,True,7.4K+,4.9,100+ ratings,"Travel Planner, Travel Wishlists, Travel, Life",,LexLab,17 templates,,Last updated 23 weeks ago,8
https://app.notion.com/marketplace/templates/sops-directory,SOPs Directory,$48.00,False,653,5.0,12 ratings,"Standard Operating Procedure (SOP), Agency, Sales, Docs, Documentation, Work, Operations",,Ecom Reserve,18 templates,,Last updated 26 weeks ago,2
https://app.notion.com/marketplace/templates/wedding-guest-registry,Wedding Guest Manager,$4.98,False,524,5.0,2 ratings,"Weddings, Event Planning, Life, Dating & Relationships, Work, Freelance",,Mindfulplans,17 templates,,Last updated 46 weeks ago,8
https://app.notion.com/marketplace/templates/blog-content-management,Blog Content Management,Free,True,1.8K+,4.8,34 ratings,"Blogging, Idea Management, Content Calendar, Work, Website Building, Life, Hobbies, Personal Productivity, Marketing, Design, Project Management, Roadmaps & Calendars",,heyismail,312 templates,,Last updated 25 weeks ago,2
https://app.notion.com/marketplace/templates/the-great-lock-in-winter-arc-2025,The Great Lock In | Winter Arc 2025,$3.50,False,1K+,4.8,50 ratings,"Planning & Goals, Habit Tracking, Health & Fitness, Project Management, School, Student Life, Life, Personal Productivity",,Charlie,2 templates,,Last updated 34 weeks ago,2
https://app.notion.com/marketplace/templates/stocks-portfolio-tracker,Stocks Portfolio Pro,$19.00,False,2.1K+,4.6,27 ratings,"Personal Finance, Financial Services, Business Finance, Life, Work",,AMIIC Wealth,51 templates,,Last updated 5 weeks ago,16
https://app.notion.com/marketplace/templates/airbnb-agency-manager,Airbnb Agency Manager,Free,True,487,5.0,7 ratings,"Real Estate, Property Management, Work, Freelance",,MH Systems,164 templates,,Last updated 46 weeks ago,2
https://app.notion.com/marketplace/templates/visual-portfolio-for-photographers,Your Visual Portfolio!,$1.99,False,580,4.9,29 ratings,"Creators, Photography, Portfolio, Work, Freelance, Website Building, School, Career Building, Personal Website, Life, Personal Productivity, Job Search",,Omar Silvan,5 templates,,Last updated 15 weeks ago,10
https://app.notion.com/marketplace/templates/travel-planner-itinerary-bucket-list,"Travel Planner, Trip, Itinerary, Bucket List",$9.99,False,508,4.6,17 ratings,"Travel Planner, Travel Wishlists, Travel, Journaling, Life, Personal Productivity",,Something Organized,21 templates,,Last updated 2 days ago,14
https://app.notion.com/marketplace/templates/apartment-hunting-house-hunting,"Apartment Hunting, House Hunting",Free,True,10K+,4.9,100+ ratings,"House Hunting, Real Estate, Personal Planner, Life, Housing, Work, Freelance, Personal Productivity",,Something Organized,21 templates,,Last updated 9 weeks ago,10
https://app.notion.com/marketplace/templates/writers-story-database,Writer's Story Database,$1.99,False,660,5.0,8 ratings,"Books, Writing, Life, Entertainment, Hobbies",,Beau Haynes,1 template,,Last updated 41 weeks ago,8
https://app.notion.com/marketplace/templates/wedding-planning,Wedding planning,Free,True,10K+,4.9,100+ ratings,"Weddings, Life, Dating & Relationships",,Emma Tunbridge,1 template,,,10
https://app.notion.com/marketplace/templates/basic-expense-tracker,Basic Expense Tracker,Free,True,3.5K+,4.9,54 ratings,"Personal Finance, Personal Home, Expense Tracker, Life, Personal Productivity, Work, Business Finance",,Billy Knapper,2 templates,,Last updated 39 weeks ago,2
https://app.notion.com/marketplace/templates/wishlist-723,Wishlist — Your wish list and savings,$1.50,False,3.5K+,4.9,39 ratings,"Gifts & Wish List, Life, Seasonal",,AnaTemplates,9 templates,,Last updated 29 weeks ago,8
https://app.notion.com/marketplace/templates/spendingtracker,Spending Tracker,$20.00,False,4.7K+,4.9,41 ratings,"Personal Planner, Personal Finance, Life, Personal Productivity",,Mike,27 templates,,Last updated 31 weeks ago,2
https://app.notion.com/marketplace/templates/debts-tracker,Debt OS — All-in-One Debt Tracker,$15.00,False,2K+,4.7,30 ratings,"Personal Finance, Business Finance, Financial Services, Life, Work",,AMIIC Wealth,51 templates,,,16
https://app.notion.com/marketplace/templates/company-phone-contact-list,Company Phone Contact List,Free,True,2K+,4.9,33 ratings,"Networking, Enterprise, CRM, School, Career Building, Life, Work, Sales",,Alberto del Arco,9 templates,,,2
https://app.notion.com/marketplace/templates/team-task-tracking-notion,Team Task Tracking,Free,True,5.5K+,4.8,67 ratings,"Engineering Tasks, Work, Engineering, Project Management, Issue Tracking",,Notion,554 templates,,Last updated 37 weeks ago,6
https://app.notion.com/marketplace/templates/easy-portfolio-personal-website,Easy Personal Website / Portfolio,Free,True,2.6K+,4.8,91 ratings,"Personal Website, Portfolio, Resume, School, Career Building, Life, Work, Website Building, Personal Productivity, Job Search",,Lucy Meryl,5 templates,,Last updated 13 weeks ago,10
https://app.notion.com/marketplace/templates/save-the-cat-plot-outline,Save the Cat Beat Sheet Plot Outline,$9.00,False,89,5.0,6 ratings,"Writing, AI Writer, Hobbies, Life, Work, AI",,writerpal,47 templates,,Last updated 28 weeks ago,6
https://app.notion.com/marketplace/templates/university-hub-pro-notes-tasks-and-more,University Hub Pro: Supercharged Study System,$3.99,False,334,5.0,22 ratings,"Student Life, Student Planner, Back to school, School, Study Planner",,Devano,6 templates,,Last updated 35 weeks ago,10
https://app.notion.com/marketplace/templates/meeting-notes-237,Meeting Notes,$1.00,False,1K+,4.9,19 ratings,"Startup Operations, Product, Product Knowledge Base, Work, Startup, Wiki, Knowledge Base",,Nastia,14 templates,,Last updated 15 weeks ago,6
https://app.notion.com/marketplace/templates/networking,Networking,$5.00,False,1.5K+,4.8,17 ratings,"Networking, Personal CRM, School, Career Building, Life, Work, Sales, CRM",,fran.rodeno,5 templates,,Last updated 3 weeks ago,8
https://app.notion.com/marketplace/templates/dog-dashboard,Dog Dashboard,Free,True,233,4.9,8 ratings,"Pets, Personal Planner, Hobbies, Life, Personal Productivity",,KB Custom Designs,21 templates,,Last updated 33 weeks ago,8
https://app.notion.com/marketplace/templates/baby-essentials-checklist,Baby Essentials Checklist,Free,True,3.3K+,4.8,76 ratings,"Personal Planner, Personal Productivity, Personal Goals, Friends & Family, Parenting, Life, Seasonal, New Years",,LynsTemplates,1 template,,Last updated 45 weeks ago,2
https://app.notion.com/marketplace/templates/budget-finance-tracker-pro,Budget & Finance Tracker PRO,$2.99,False,2.1K+,4.9,100+ ratings,"Personal Finance, Budgets, Expense Tracker, Life, School, Student Life, Work, Business Finance",,Katia Creates,9 templates,,Last updated 18 weeks ago,10
https://app.notion.com/marketplace/templates/dark-academia-study-hub,Dark Academia Study Hub,$10.00,False,2.3K+,4.9,72 ratings,"Class Notes, Notes & Knowledge, Study Planner, School, Life, Personal Productivity",,CanvaTreasures,4 templates,,Last updated 18 weeks ago,2
https://app.notion.com/marketplace/templates/portfolio-933,Portfolio,Free,True,25K+,4.8,700+ ratings,"Portfolio, Design Portfolio, Job Search, Work, Website Building, School, Career Building, Personal Website, Life, Personal Productivity, Design",,Ops Bae,10 templates,,Last updated 5 weeks ago,2
https://app.notion.com/marketplace/templates/premium-fantasy-worldbuilding-preset,[PREMIUM] Fantasy Worldbuilding Preset,$35.00,False,,5.0,3 ratings,"Writing, Life, Hobbies",,Worldbuilder's Cavern,5 templates,,Last updated 28 weeks ago,12
https://app.notion.com/marketplace/templates/learning-dashboard-499,Learning Dashboard,Free,True,5.8K+,4.8,55 ratings,"Learning, Knowledge Base, Notes & Knowledge, Life, Hobbies, Wiki, Personal Productivity",,GirlBossDigit,6 templates,,Last updated 28 weeks ago,2
https://app.notion.com/marketplace/templates/extendedbrain,Extended Brain,$99.00,False,685,5.0,30 ratings,"School, Personal Productivity, Personal Goals, Life, Seasonal, New Years",,Koi,4 templates,,Last updated 45 weeks ago,6
https://app.notion.com/marketplace/templates/content-ideas-planner-for-creators,Content Ideas Planner For Creators,$39.00,False,239,5.0,6 ratings,"Social Media Planner, Social Media, Content Calendar, Work, Marketing, Project Management, Roadmaps & Calendars, Design",,Linda,33 templates,,Last updated 6 weeks ago,14
https://app.notion.com/marketplace/templates/class-notes-averra-workplace,Class Notes Uni/School,Free,True,12K+,4.8,500+ ratings,"Class Notes, Notes & Knowledge, Learning, School, Life, Personal Productivity, Hobbies",,Averra,3 templates,,Last updated 43 weeks ago,10
https://app.notion.com/marketplace/templates/data-engineering-roadmap-125,Data Engineering Roadmap,Free,True,13K+,4.9,100+ ratings,"Engineering, Roadmaps & Calendars, Student Planner, Work, Project Management, School, Study Planner",,Data With Baraa,7 templates,,Last updated 19 weeks ago,2
https://app.notion.com/marketplace/templates/threads-to-brand,Threads to Brand,$19.00,False,,5.0,11 ratings,"Growth Marketing, Social Media Planner, Marketing, Social Media, Work, Project Management, Roadmaps & Calendars",,ClearConcept,10 templates,,Last updated 31 weeks ago,14
https://app.notion.com/marketplace/templates/holiday-gift-planner-2026,Holiday Gift Planner 2026,$2.00,False,721,4.8,11 ratings,"Christmas, Gifts & Wish List, Holiday Planner, Life, Seasonal",,KB Custom Designs,21 templates,,,8
https://app.notion.com/marketplace/templates/profesionalportofolio,Professional Portofolio,$3.00,False,1.2K+,4.9,33 ratings,"Career Development Plans, Careers Page, Battle Cards, Work, Managers, Docs, Documentation, Performance Reviews, HR, Website Building, Sales, Wiki, Knowledge Base",,Aisyah R,3 templates,,Last updated 35 weeks ago,2
https://app.notion.com/marketplace/templates/company-team-handbook,Company - Team Handbook,$7.99,False,129,5.0,5 ratings,"Team Planning, Employee Handbook, Team Hub, Project Management, Planning & Goals, Work, HR, Enterprise, Company Intranet, Wiki",,Rhenee,3 templates,,Last updated 45 weeks ago,8
https://app.notion.com/marketplace/templates/olsen-all-in-one,All-in-One Workspace (Olsen),$299.00,False,82,5.0,9 ratings,"Design, Design System, Project Roadmap, Work, Wiki, Knowledge Base, Project Management, Roadmaps & Calendars",,studioghimp,13 templates,,Last updated 36 weeks ago,8
https://app.notion.com/marketplace/templates/marketing-content,marketing & content,Free,True,2.7K+,4.9,32 ratings,"Social Media, Brand Guidelines, Content Calendar, Work, Marketing, Website Building, Design, Wiki, Knowledge Base, Project Management, Roadmaps & Calendars",,MH Systems,164 templates,,Last updated 36 weeks ago,2
https://app.notion.com/marketplace/templates/skill-space,Skill Space,$2.50,False,672,4.8,9 ratings,"Engineering, Personal Productivity, Career Building, Work, Life, School",,skillzeit,1 template,,Last updated 11 weeks ago,8
https://app.notion.com/marketplace/templates/2026-it-girl-planner,2026 It Girl Planner,Free,True,2.7K+,4.9,74 ratings,"Personal Productivity, Personal Home, Planning & Goals, Life, Project Management",,Soulful Space,8 templates,,Last updated 23 weeks ago,10
https://app.notion.com/marketplace/templates/monthly-planner-827,Monthly Planner,Free,True,12K+,4.8,100+ ratings,"Personal Productivity, Monthly Planner, Student Planner, Life, Personal Planner, School, Study Planner",,We’re Ayrayn,15 templates,,Last updated 23 weeks ago,2
https://app.notion.com/marketplace/templates/money-tracker-936,Money Tracker,$5.00,False,16K+,4.8,100+ ratings,"Habit Tracking, Budgets, School, Student Life, Life, Personal Productivity, Personal Finance",,Ikageng,2 templates,,Last updated 33 weeks ago,2
https://app.notion.com/marketplace/templates/content-creation-os-897,Content Creation OS+,$9.99,False,382,5.0,11 ratings,"Content Calendar, Social Media Planner, Creators, Work, Marketing, Design, Project Management, Roadmaps & Calendars, Social Media, Freelance",,Wael,12 templates,,Last updated 16 weeks ago,6
https://app.notion.com/marketplace/templates/simple-debt-payoff,Simple Debt Payoff Tracker,Free,True,1.4K+,5.0,23 ratings,"Debt Tracking, Personal Finance, Expense Tracker, Life, Work, Business Finance",,marie,17 templates,,Last updated 26 weeks ago,6
https://app.notion.com/marketplace/templates/blog-post,Blog post,Free,True,8.6K+,4.7,100+ ratings,"Blogging, Writing, Work, Website Building, Life, Hobbies",,Notion,554 templates,,,10
https://app.notion.com/marketplace/templates/puppy-command-mastery-training-guide,Puppy Command Mastery: Training Guide,Free,True,655,5.0,4 ratings,"Pets, Personal Productivity, Personal Planner, Life, Hobbies",,Diego,2 templates,,,2
https://app.notion.com/marketplace/templates/weekly-planner-habit-tracker-and-journal,"Weekly Planner, Habit Tracker and Journal",$1.25,False,326,5.0,8 ratings,"Habit Tracking, Journaling, Weekly Planner, School, Student Life, Life, Personal Productivity, Personal Planner",,Sorochi,1 template,,Last updated 49 weeks ago,2
https://app.notion.com/marketplace/templates/job-internship-application-tracker-dashboard,Job & Internship Application Tracker Dashboard,$2.99,False,5.4K+,4.9,100+ ratings,"Student Life, Job Application Tracking, Job Search, Internship Tracker, School, Career Building, Life",,Devano,6 templates,,Last updated 39 weeks ago,10
https://app.notion.com/marketplace/templates/eu-ai-act-article-4-compliance-command-center,EU AI Act Article 4 Compliance Command Center,$390.00,False,,5.0,,"Compliance, Operations, HR, Wiki, Knowledge Base, Work",,Elena Ingram,1 template,,,14
https://app.notion.com/marketplace/templates/simple-finance-tracker-analytics,Simple Finance Tracker + Analytics,Free,True,27K+,4.8,200+ ratings,"Expense Tracker, Budgets, Personal Finance, Life, Work, Business Finance, School, Student Life",,Joe,6 templates,,Last updated 26 weeks ago,2
https://app.notion.com/marketplace/templates/company-home-hr-employee-onboarding-company-wiki,Company Home & Employee Onboarding,$39.00,False,208,5.0,34 ratings,"New Hire Onboarding, Employee Handbook, Employee Directory, Project Management, Ticketing, Work, HR, Enterprise, Company Intranet, Wiki, People & Org",,Murad,64 templates,,Last updated 2 weeks ago,14
https://app.notion.com/marketplace/templates/game-design-document-kickoff-guide,Game Design Document: Kickoff Guide,$5.00,False,2.7K+,4.9,47 ratings,"Documentation, Video Games, Docs, Life, Entertainment",,Beni,14 templates,,Last updated 37 weeks ago,2
https://app.notion.com/marketplace/templates/company-wiki-starter,Company Wiki Starter,Free,True,8.2K+,4.9,100+ ratings,"Knowledge Base, Startup, Standard Operating Procedure (SOP), Wiki, Work, Docs, Documentation, Operations",,EdriansNotes,27 templates,,Last updated 5 weeks ago,6
https://app.notion.com/marketplace/templates/taiwan-travel,Taiwan Itinerary & Trip Planner 2026,$12.99,False,,5.0,3 ratings,"Travel, Travel Planner, Destination Guides, Life",,Let's Go Lukiih l Travel Planners & Guides,24 templates,,Last updated 13 weeks ago,14
https://app.notion.com/marketplace/templates/agency-client-portal-crm-project-management-system,Agency Client Portal – CRM & Project Manager,Free,True,1K+,5.0,16 ratings,"Client Portal, Agency, CRM, Work, Freelance, Sales",,heyismail,312 templates,,Last updated 16 weeks ago,2
https://app.notion.com/marketplace/templates/a-journal-to-improve-your-knowledge-pastel-aesthetic,improve your knowledge - pastel aesthetic,$3.99,False,868,4.9,18 ratings,"Journaling, Notes & Knowledge, New Years, Life, Personal Productivity, Seasonal",,jiawa,16 templates,,,2
https://app.notion.com/marketplace/templates/travel-itinerarybyjaque,Travel itinerary By Jaque,Free,True,16K+,4.9,200+ ratings,"Travel, Travel Planner, Road Trip, Life",,Jaque,2 templates,,Last updated 31 weeks ago,2
https://app.notion.com/marketplace/templates/expense-income-tracker-336,Expense / Income Tracker,$0.99,False,1.2K+,5.0,27 ratings,"Personal Finance, Budgets, Business Finance, Life, School, Student Life, Work",Formulas,Kreativ Haus Studio,1 template,#27 in Budgets,Last updated 28 weeks ago,2
https://app.notion.com/marketplace/templates/bugtrackerpro,Bug Tracker,$9.99,False,477,4.9,7 ratings,"Bug Tracking, Issue Tracking, Engineering, Project Management, Ticketing, Work","Charts, Forms, Layouts, Formulas",Bogdan Cozma,9 templates,,,14
https://app.notion.com/marketplace/templates/the-2026-simple-monthly-planner,The 2026 Simple Monthly Planner,Free,True,10K+,4.8,89 ratings,"Monthly Planner, Personal Planner, Weekly Planner, Life, Personal Productivity",Formulas,heyismail,312 templates,#3 in Monthly Planner,Last updated 19 weeks ago,2
https://app.notion.com/marketplace/templates/simple-podcast-episode-script-plan,Simple Podcast Episode & Script Plan,$0.99,False,714,4.9,23 ratings,"Podcasting, AI, Entertainment, Work, Freelance, Creators, Life",Layouts,Ivy Saskia,101 templates,#31 in AI,Last updated 17 weeks ago,14
https://app.notion.com/marketplace/templates/sprint-tracker,Sprint Tracker,Free,True,3.9K+,4.9,48 ratings,"Sprint Planning Meeting, Design Sprint, Project Plans, Docs, Meetings, Work, Engineering, Product, Design",Layouts,mrpugo,226 templates,#12 in Meetings,Last updated 46 weeks ago,2
https://app.notion.com/marketplace/templates/ebook,e-Book,$5.00,False,717,4.6,15 ratings,"Writing, Life, Hobbies",,First Blocks,23 templates,,,2
https://app.notion.com/marketplace/templates/90-day-sprint-planner-444,90 Day Sprint Planner,Free,True,2K+,4.9,31 ratings,"Sprint Planning Meeting, Design Sprint, Engineering Tasks, Docs, Meetings, Work, Engineering, Product, Design, Project Management, Issue Tracking","Charts, Layouts",NimbleGot,130 templates,#2 in Meetings,Last updated 26 weeks ago,2
https://app.notion.com/marketplace/templates/budget-finance-tracker-2026,Finance Tracker 2026 & Budget Tracker Dashboard,$11.90,False,,5.0,3 ratings,"Personal Finance, Budgets, Expense Tracker, Life, School, Student Life, Work, Business Finance","Charts, Formulas",Quynh Nguyen,32 templates,,Last updated 20 weeks ago,14
https://app.notion.com/marketplace/templates/task-management-kanban,Task Management Kanban,Free,True,21K+,4.8,400+ ratings,"Kanban, To-Do Lists, Personal Productivity, Work, Engineering, Project Management, Issue Tracking, Life",Layouts,mrpugo,226 templates,#4 in Kanban,Last updated 46 weeks ago,2
https://app.notion.com/marketplace/templates/simple-budget-finance-tracker,Simple Budget & Finance Tracker,Free,True,72K+,4.8,900+ ratings,"Personal Finance, Budgets, Expense Tracker, Life, School, Student Life, Work, Business Finance","Layouts, Formulas",Katia Creates,9 templates,#3 in Budgets,Last updated 35 weeks ago,2
https://app.notion.com/marketplace/templates/essential-business,Freelancers & Business - Essential Business,Free,True,1.2K+,5.0,18 ratings,"Company Planning, Company Home Page, Assignment Tracker, Work, Enterprise, Operations, Project Management, Planning & Goals, HR, Company Intranet, Wiki, School, Study Planner",,Essential Notion,21 templates,#15 in HR,Last updated 40 weeks ago,2
https://app.notion.com/marketplace/templates/minecraft-tracker-forever-world,Minecraft Tracker Forever World,$1.50,False,181,5.0,9 ratings,"Video Games, Personal Dashboards, Documentation, Life, Entertainment, Docs",Formulas,Aurea Ratio Design,10 templates,,Last updated 26 weeks ago,2
https://app.notion.com/marketplace/templates/75-soft-challenge-tracker,75 Soft Challenge Tracker,$12.00,False,305,5.0,9 ratings,"New Years, Food & Nutrition, Health & Fitness, Life, Seasonal",Formulas,Julia On Purpose,31 templates,,Last updated 45 weeks ago,2
https://app.notion.com/marketplace/templates/veterinary-clinic-os,Veterinary Clinic OS,$147.00,False,,,,"Pets, Operations, Business Finance, Life, Hobbies, Work","Charts, Formulas",Pika,223 templates,,Last updated 4 days ago,8
https://app.notion.com/marketplace/templates/personal-brand-os-for-solopreneurs,Personal Brand OS For Solopreneurs,$39.00,False,795,5.0,27 ratings,"Personal Productivity, Creators, Freelance, Life, Work",Formulas,Linda,33 templates,#27 in Creators,Last updated 6 weeks ago,14
https://app.notion.com/marketplace/templates/bible-study-journal-habit-tracker,Bible Study Journal & Habit Tracker,$2.00,False,1.1K+,4.9,36 ratings,"Religion, Personal Productivity, Journaling, Life","Layouts, Formulas",Amala,4 templates,#3 in Religion,Last updated 26 weeks ago,10
https://app.notion.com/marketplace/templates/avatar,Avatar - Find your Ideal Customer Profile (ICP),$48.00,False,100,5.0,4 ratings,"CRM, Marketing Agency, Creative Agency, Work, Sales","Layouts, Formulas",Ecom Reserve,18 templates,,Last updated 26 weeks ago,6
https://app.notion.com/marketplace/templates/2026-life-hub,Simple 2026 Life Hub & Goal Planner,$1.00,False,2.5K+,4.7,50 ratings,"New Years, Personal Home, Planning & Goals, Life, Seasonal, Personal Productivity, Project Management",,Hannah Ost,3 templates,,Last updated 24 weeks ago,6
https://app.notion.com/marketplace/templates/content-planner-303,Content Planner,$10.00,False,5.5K+,4.8,62 ratings,"Social Media, Social Media Planner, Content Calendar, Marketing, Creators, Work, Project Management, Roadmaps & Calendars, Design, Freelance",,She Notions,13 templates,,Last updated 19 weeks ago,10
https://app.notion.com/marketplace/templates/studyscheduler,Study Scheduler,Free,True,56K+,4.9,2K+ ratings,"Study Planner, Student Life, Learning, School, Life, Hobbies","Charts, Formulas",Koi,4 templates,#3 in Learning,Last updated 45 weeks ago,6
https://app.notion.com/marketplace/templates/my-pet-care,My Pet Care,Free,True,2.5K+,4.9,36 ratings,"Pets, Personal Planner, Life, Hobbies, Personal Productivity",Formulas,Annisa Herina,3 templates,,Last updated 45 weeks ago,2
https://app.notion.com/marketplace/templates/kashfloo,KashFloo | All-in-one Finance Hub,$18.00,False,80,5.0,6 ratings,"Personal Finance, Business Finance, Sales, Life, Work","Charts, Layouts, Formulas, Workflows & Automations",Newblocs by Ian,19 templates,,Last updated 2 weeks ago,16
https://app.notion.com/marketplace/templates/real-estate-business-manager,Real Estate Business Manager,$49.00,False,63,5.0,29 ratings,"Weekly Planner, Monthly Planner, Personal Dashboards, Life, Personal Productivity, Personal Planner","Layouts, Formulas",Murad,64 templates,,Last updated 2 weeks ago,14
https://app.notion.com/marketplace/templates/soft-routine-planner,Soft Routine Planner,Free,True,1.8K+,4.9,81 ratings,"To-Do Lists, Weekly Planner, Monthly Planner, Life, Personal Productivity, Personal Planner",,Sancaya,1 template,#11 in Monthly Planner,Last updated 51 weeks ago,2
https://app.notion.com/marketplace/templates/couple-finance-os-budget-expense-debt-savings-tracker-pro,"Couple Finance Tracker – Budget, Debt & Savings",$7.99,False,,5.0,2 ratings,"Personal Finance, Budgets, Expense Tracker, Life, School, Student Life, Work, Business Finance","Charts, Layouts, Formulas",Pintou,6 templates,,Last updated 23 weeks ago,12
https://app.notion.com/marketplace/templates/real-estate-agent-dashboard,Real Estate Agent Dashboard,Free,True,1.3K+,4.8,33 ratings,"Real Estate, Sales, Work, Freelance",,DonvitoCodes,1 template,#48 in Sales,,2
https://app.notion.com/marketplace/templates/skill-development-board,Skill Development Board,Free,True,1.8K+,4.8,35 ratings,"Learning, Design, Design Portfolio, Life, Hobbies, Work, Website Building, Portfolio, School, Career Building, Personal Website, Personal Productivity, Job Search",Layouts,Pika,223 templates,#10 in Learning,Last updated 6 weeks ago,2
https://app.notion.com/marketplace/templates/book-tracker-653,Book Tracker,$2.99,False,326,5.0,12 ratings,"Books, Notes & Knowledge, Personal Productivity, Life, Entertainment","Layouts, Formulas",Bogdan Cozma,9 templates,,Last updated 16 weeks ago,12
https://app.notion.com/marketplace/templates/wedding-plan-organization,Wedding Planner,$1.00,False,1.9K+,4.7,15 ratings,"Weddings, Life, Dating & Relationships","Charts, Forms, Layouts, Formulas",Zaferiko,3 templates,#9 in Weddings,Last updated 33 weeks ago,2
https://app.notion.com/marketplace/templates/productivity-systems,Productivity Systems,$5.00,False,,5.0,10 ratings,"Personal Planner, Personal Productivity, Personal Goals, Life, Seasonal, New Years","Layouts, Formulas, Workflows & Automations",ClearConcept,10 templates,,Last updated 31 weeks ago,6
https://app.notion.com/marketplace/templates/new-hire-onboarding-hub,New Hire Onboarding Hub for Organized Onboarding,$39.00,False,216,5.0,56 ratings,"New Hire Onboarding, Employee Directory, Employee Handbook, Project Management, Ticketing, Work, HR, Wiki, People & Org, Enterprise, Company Intranet","Forms, Layouts",Murad,64 templates,#8 in HR,Last updated 2 weeks ago,14
https://app.notion.com/marketplace/templates/daily-journaling-721,Daily Journal,$4.99,False,629,5.0,11 ratings,"Journaling, Personal Planner, Planning & Goals, Life, Personal Productivity, Project Management",,Luca Huerse,1 template,,,2
https://app.notion.com/marketplace/templates/portfolio,Portfolio,Free,True,1.4K+,4.8,64 ratings,"Design Portfolio, Website Building, Networking, Work, Design, Portfolio, School, Career Building, Personal Website, Life, Personal Productivity, Job Search",,Sebas Bravo,1 template,#9 in Networking,,6
https://app.notion.com/marketplace/templates/real-estate-hunting,Real Estate Hunting,Free,True,3K+,4.8,72 ratings,"Housing, House Hunting, Real Estate, Life, Work, Freelance",Formulas,Pablo,27 templates,#12 in Housing,Last updated 45 weeks ago,2
https://app.notion.com/marketplace/templates/2026-goal-tracker,2026 Goal Tracker,Free,True,15K+,4.8,200+ ratings,"Personal Goals, Personal Productivity, Personal Planner, New Years, Life, Seasonal",Formulas,Jithin Rajiv,21 templates,#22 in New Years,Last updated 24 weeks ago,2
https://app.notion.com/marketplace/templates/personal-blog,Personal Blog,Free,True,16K+,4.9,400+ ratings,"Blogging, Work, Website Building, Life, Hobbies",,Notion,554 templates,#18 in Website Building,,2
https://app.notion.com/marketplace/templates/tasktrackerdaily,TaskTracker Daily,$0.99,False,439,5.0,10 ratings,"Personal Productivity, Planning & Goals, Habit Tracking, Life, Project Management, School, Student Life","Charts, Layouts, Formulas",Starsmoon,4 templates,,Last updated 21 weeks ago,2
https://app.notion.com/marketplace/templates/cornell-note-taking-1,Cornell Notes,$0.99,False,2.1K+,4.9,46 ratings,"Notes & Knowledge, Class Notes, Student Life, Life, Personal Productivity, School",,Chris Wynn,10 templates,,Last updated 35 weeks ago,2
https://app.notion.com/marketplace/templates/re,Reading Tracker,$3.00,False,423,5.0,15 ratings,"Books, Hobbies, Personal Productivity, Life, Entertainment",,Emer O'Connor,3 templates,,,2
https://app.notion.com/marketplace/templates/real-estate-command-center,Real Estate Command Center,$49.00,False,64,5.0,30 ratings,"Real Estate, Property Management, CRM, Work, Freelance, Sales",Formulas,Murad,64 templates,,Last updated 2 weeks ago,14
https://app.notion.com/marketplace/templates/solo-date-ideas,SOLO DATE IDEAS,Free,True,782,4.7,15 ratings,"Friends & Family, Mental Health, Life, Health & Fitness",Formulas,The Dotted Log,1 template,,Last updated 45 weeks ago,2
https://app.notion.com/marketplace/templates/company-hub840,Company Hub,$4.99,False,1.1K+,4.8,24 ratings,"Company Planning, Company Home Page, Work, Enterprise, Operations, Project Management, Planning & Goals, HR, Company Intranet, Wiki","Layouts, Formulas",The Ecommerce Alley,1 template,#4 in Company Home Page,Last updated 3 weeks ago,2
https://app.notion.com/marketplace/templates/design-mood-board-265,Design Mood Board,$3.50,False,1.6K+,4.9,20 ratings,"Portfolio, Art, Work, Website Building, School, Career Building, Personal Website, Life, Personal Productivity, Job Search, Hobbies",,Mike,27 templates,,Last updated 35 weeks ago,2
https://app.notion.com/marketplace/templates/pink-pilates-princess-life-planner,Pink Pilates Life Planner,$7.99,False,9.8K+,4.8,300+ ratings,"Personal Planner, Health & Fitness, Personal Goals, Life, Personal Productivity, Seasonal, New Years",,The Sunday Studio,2 templates,,Last updated 2 weeks ago,6
https://app.notion.com/marketplace/templates/events-calendar,Events Calendar,Free,True,51K+,4.8,400+ ratings,"HR, Internal Comms & Updates, Event Planning, Work, Wiki, Freelance",,Notion,554 templates,#2 in HR,,10
https://app.notion.com/marketplace/templates/university-notes-and-assignments,University Hub: Notes and Assignments,$1.99,False,19K+,4.9,600+ ratings,"Student Life, Student Planner, School, Study Planner",Layouts,Devano,6 templates,,Last updated 35 weeks ago,8
https://app.notion.com/marketplace/templates/simple-dashboard-for-daily-weekly-and-monthly,"Simple Dashboard for Daily, Weekly, and Monthly",Free,True,16K+,4.8,300+ ratings,"Monthly Planner, Weekly Planner, Personal Productivity, Life, Personal Planner",,Dirtmmw,3 templates,#6 in Monthly Planner,Last updated 49 weeks ago,6
https://app.notion.com/marketplace/templates/personal-budget-spending-plan,Personal Budget & Spending Plan,$2.99,False,405,5.0,5 ratings,"Personal Finance, Budgets, Personal Planner, Life, School, Student Life, Personal Productivity","Charts, Formulas",diy,9 templates,,Last updated 27 weeks ago,8
https://app.notion.com/marketplace/templates/the-2026-ultimate-yearly-reset,The 2026 Ultimate Yearly Reset,$7.99,False,5.6K+,4.9,200+ ratings,"Planning & Goals, Personal Planner, Personal Goals, Project Management, Life, Personal Productivity, Seasonal, New Years","Layouts, Formulas",Nika Erculj,3 templates,#4 in Planning & Goals,Last updated 25 weeks ago,2
https://app.notion.com/marketplace/templates/journalling-vp,Journaling,$4.00,False,2K+,4.9,45 ratings,"Journaling, Planning & Goals, Hobbies, Life, Personal Productivity, Project Management","Feed, Layouts",Volha Petravets,23 templates,#38 in Journaling,Last updated 11 weeks ago,12
https://app.notion.com/marketplace/templates/benny-builds-it-content-calendar-pro,Content Calendar Pro (2026),$19.00,False,114,5.0,10 ratings,"Content Calendar, Social Media Planner, Social Media, Work, Marketing, Design, Project Management, Roadmaps & Calendars","Charts, Forms, Layouts",Benny Builds It,11 templates,,Last updated 25 weeks ago,16
https://app.notion.com/marketplace/templates/the-little-prince-productive-plan,The Little Prince: Simple Productive Plan,$0.99,False,893,4.9,39 ratings,"Personal Productivity, Hobbies, Schedule, Life",,MoraS IMMERSIVE,5 templates,,Last updated 28 weeks ago,2
https://app.notion.com/marketplace/templates/outreach-tracker,Outreach Tracker,Free,True,1.9K+,4.7,30 ratings,"Networking, CRM, Job Application Tracking, School, Career Building, Life, Work, Sales, Job Search",Layouts,Noam,3 templates,#17 in Job Application Tracking,Last updated 46 weeks ago,8
https://app.notion.com/marketplace/templates/couples-planner,Couples Planner,Free,True,9.7K+,4.8,100+ ratings,"Dating & Relationships, Friends & Family, Life","Formulas, Workflows & Automations",Notion,554 templates,#6 in Dating & Relationships,Last updated 45 weeks ago,2
https://app.notion.com/marketplace/templates/birthday-tracker,Birthday Tracker,Free,True,2.4K+,4.9,48 ratings,"Personal Planner, Friends & Family, Birthdays, Life, Personal Productivity",Formulas,exsequor,4 templates,,Last updated 39 weeks ago,2
https://app.notion.com/marketplace/templates/task-planner,Task Planner,Free,True,1.8K+,5.0,21 ratings,"Personal Planner, Weekly Planner, Monthly Planner, Life, Personal Productivity",,Ivan Gener,11 templates,#8 in Monthly Planner,Last updated 27 weeks ago,6
https://app.notion.com/marketplace/templates/benny-builds-it-goal-tracker-pro,Goal Tracker Pro (2026),$19.00,False,155,4.9,13 ratings,"Personal Goals, Planning & Goals, New Years, Life, Seasonal, Personal Productivity, Project Management","Layouts, Formulas",Benny Builds It,11 templates,,Last updated 22 weeks ago,16
https://app.notion.com/marketplace/templates/website-for-wedding-guests,Website for Wedding Guests,$4.99,False,448,5.0,8 ratings,"Weddings, Knowledge Base, Life, Dating & Relationships, Wiki","Charts, Forms",EasyPeasy,2 templates,,Last updated 26 weeks ago,10
https://app.notion.com/marketplace/templates/game-design-document-detailed,Game Design Document (GDD) 40+ Page Detailed Guide,$3.00,False,4.8K+,4.9,100+ ratings,"Video Games, Design, Project Roadmap, Life, Entertainment, Work, Project Management, Roadmaps & Calendars",,Beni,14 templates,#4 in Video Games,Last updated 39 weeks ago,2
https://app.notion.com/marketplace/templates/fantasy-novel-dashboard-light-academia-edition,Fantasy Novel Dashboard - Light Academia Edition,$2.00,False,209,4.9,16 ratings,"Hobbies, Books, Project Plans, Life, Entertainment, Docs",Layouts,KB Custom Designs,21 templates,,Last updated 15 weeks ago,14
https://app.notion.com/marketplace/templates/birthday-marriage-tracker,Birthday & Marriage Tracker,Free,True,285,5.0,10 ratings,"Friends & Family, Personal CRM, Personal Planner, Birthdays, Life, School, Career Building, Networking, Work, Sales, CRM, Personal Productivity","Layouts, Formulas",Abhiman Labs,5 templates,,Last updated 39 weeks ago,8
https://app.notion.com/marketplace/templates/pet-care-dashboard,Pet Care Dashboard,Free,True,579,4.9,9 ratings,"Pets, Personal Planner, Life, Hobbies, Personal Productivity",Formulas,Julio Trois,27 templates,,Last updated 45 weeks ago,2
https://app.notion.com/marketplace/templates/blogger,Blogger,Free,True,3.5K+,4.9,100+ ratings,"Personal Website, Website Building, Blogging, School, Career Building, Life, Work, Personal Productivity, Hobbies",,Pikt,3 templates,#30 in Personal Website,Last updated 22 weeks ago,2
https://app.notion.com/marketplace/templates/italy-travel,Italy Itinerary & Trip Planner 2026,$12.99,False,,5.0,4 ratings,"Travel, Travel Planner, Destination Guides, Life","Charts, Layouts",Let's Go Lukiih l Travel Planners & Guides,24 templates,,Last updated 18 weeks ago,14
https://app.notion.com/marketplace/templates/youtube-planner,YouTube Planner,$4.99,False,2.1K+,4.9,49 ratings,"Content Calendar, Social Media, Social Media Planner, Work, Marketing, Design, Project Management, Roadmaps & Calendars",,Austin Davenport,3 templates,,Last updated 27 weeks ago,6
https://app.notion.com/marketplace/templates/company-pack,Company pack,Free,True,13K+,4.9,100+ ratings,"Team Planning, Company Home Page, Project Management, Planning & Goals, Work, HR, Enterprise, Company Intranet, Wiki","AI, Charts, Layouts, Formulas",Notion,554 templates,#1 in HR,Last updated 22 weeks ago,14
https://app.notion.com/marketplace/templates/client-call-follow-up,Simple Client Call & Follow-Up,$3.00,False,452,5.0,14 ratings,"AI, Sales, Work","Layouts, Formulas",Ivy Saskia,101 templates,,Last updated 7 weeks ago,14
https://app.notion.com/marketplace/templates/gratitude-growth-a-year-end-journal,Gratitude & Growth: A Year-End Journal,$2.99,False,363,4.8,11 ratings,"New Years, Journaling, Retrospective Meeting, Life, Seasonal, Personal Productivity, Docs, Meetings, Work, Engineering, Product",,thefledgedhurricane,3 templates,,,2
https://app.notion.com/marketplace/templates/2026-vision-board-744,2026 Vision Board & Year Compass,Free,True,11K+,4.9,300+ ratings,"Vision Board, Personal Annual Review, New Years, Life, Seasonal",Formulas,The Vital Bloom Lab by Flo <3,5 templates,#4 in Vision Board,Last updated 26 weeks ago,10
https://app.notion.com/marketplace/templates/team-directory-124,Team Directory,$48.00,False,1K+,4.8,30 ratings,"Team Hub, Employee Directory, New Hire Onboarding, Wiki, People & Org, Work, HR, Project Management, Ticketing",Layouts,Ecom Reserve,18 templates,,Last updated 26 weeks ago,2
https://app.notion.com/marketplace/templates/hassle-free-wedding-planning,Wedding Planning,Free,True,2.3K+,4.9,31 ratings,"Weddings, Event Planning, Life, Dating & Relationships, Work, Freelance",Charts,Keepsake Studio,1 template,#2 in Event Planning,Last updated 3 weeks ago,12
https://app.notion.com/marketplace/templates/the-best-life-planner,Desbyseb's Life Planner,$24.00,False,6.3K+,4.8,94 ratings,"Student Life, Personal Planner, Planning & Goals, Habit Tracking, Managers, Study Planner, Social Media Planner, Weekly Planner, Monthly Planner, Travel Planner, Holiday Planner, Student Planner, Networking, Workflows & Automations, Personal Finance, Business Finance, OKR Tracker, Customer Feedback Tracker, Product Launch Tracker, IT Issue Tracker, School, Life, Personal Productivity, Project Management, Work, Marketing, Social Media, Roadmaps & Calendars, Travel, Seasonal, Career Building, Ticketing, User Research, Design, Product, IT, Issue Tracking","Charts, Formulas",desbyseb,495 templates,#3 in Managers,Last updated 15 weeks ago,2
https://app.notion.com/marketplace/templates/worldbuilding-magic-lore-257,Worldbuilding: Magic & Lore,$5.00,False,628,4.8,9 ratings,"Writing, Project Plans, Books, Life, Hobbies, Docs, Entertainment",Layouts,KB Custom Designs,21 templates,#21 in Writing,,2
https://app.notion.com/marketplace/templates/cold-pitches-tracker,Cold Pitches Tracker,Free,True,1.1K+,4.9,34 ratings,"Proposals & Pitches, Networking, Docs, School, Career Building, Life",Formulas,Anete Lusina,4 templates,#15 in Networking,Last updated 45 weeks ago,2
https://app.notion.com/marketplace/templates/wedding-planner-210,Wedding Planner,Free,True,746,4.9,11 ratings,"Weddings, Life, Dating & Relationships","Layouts, Formulas",STUDIO clarify,2 templates,,Last updated 9 weeks ago,12
https://app.notion.com/marketplace/templates/makedigitalspace-developer-brain-light,Developer Brain Light,Free,True,5.8K+,4.9,200+ ratings,"Engineering, Engineering Tasks, Project Schedule, Work, Project Management, Issue Tracking, Roadmaps & Calendars","Layouts, Formulas",Lucas,20 templates,#14 in Project Schedule,Last updated 50 weeks ago,2
https://app.notion.com/marketplace/templates/pet-care-planner,PET CARE PLANNER,Free,True,3K+,4.9,69 ratings,"Pets, Personal Planner, Life, Hobbies, Personal Productivity","Charts, Formulas",Notion Octopus,5 templates,,Last updated 45 weeks ago,2
https://app.notion.com/marketplace/templates/social-content-management-system,Social Media Content Manager,$4.99,False,1.7K+,4.9,14 ratings,"Social Media Planner, Content Calendar, Project Roadmap, Work, Marketing, Social Media, Project Management, Roadmaps & Calendars, Design",Charts,Manifestare,1 template,,Last updated 14 weeks ago,10
https://app.notion.com/marketplace/templates/team-not-so-type-a-2026-planner,Team not-so-Type A 2026 Planner,Free,True,18K+,4.9,300+ ratings,"Weekly Planner, Monthly Planner, Personal Planner, Life, Personal Productivity",Layouts,askgranie templates,askgranie templates,#2 in Monthly Planner,Last updated 14 weeks ago,8
https://app.notion.com/marketplace/templates/the-ultimate-networking-hub,The Ultimate Networking Hub,Free,True,643,5.0,5 ratings,"Networking, Career Development Plans, CRM, School, Career Building, Life, Work, Managers, Docs, Documentation, Performance Reviews, HR, Sales",,Elle Creates,2 templates,#12 in CRM,Last updated 12 weeks ago,2
https://app.notion.com/marketplace/templates/my-pet-car-hub,My Pet Car Hub,Free,True,344,4.8,6 ratings,"Pets, Personal Planner, Personal Home, Life, Hobbies, Personal Productivity",,Dami,9 templates,,Last updated 39 weeks ago,2
https://app.notion.com/marketplace/templates/weekly-planner-544,Weekly Planner,$1.00,False,43K+,4.8,700+ ratings,"Weekly Planner, Schedule, Planning & Goals, Life, Personal Productivity, Personal Planner, Project Management",Layouts,Verunchik,9 templates,#47 in Weekly Planner,Last updated 34 weeks ago,6
https://app.notion.com/marketplace/templates/pinkandcozyallinonedashboard,Pink & Cozy All-in-One Student Dashboard,$3.50,False,5.1K+,4.9,200+ ratings,"Student Life, Back to school, Personal Productivity, School, Life",,NotesFromEvie,2 templates,#6 in Back to school,Last updated 30 weeks ago,14
https://app.notion.com/marketplace/templates/the-elite-wedding-planner,The Elite Wedding Planner,Free,True,6.1K+,5.0,95 ratings,"Weddings, Personal Planner, Life, Dating & Relationships, Personal Productivity",Formulas,Richard,1 template,#11 in Dating & Relationships,Last updated 45 weeks ago,14
https://app.notion.com/marketplace/templates/plan-create-track-your-content,"Plan, create & track your content",Free,True,4.6K+,4.9,91 ratings,"Marketing, Social Media Planner, Content Calendar, Social Media, Creators, Startup, Freelance, Work, Project Management, Roadmaps & Calendars, Design",Layouts,Ground Ctrl,7 templates,#1 in Startup,Last updated 31 weeks ago,2
https://app.notion.com/marketplace/templates/for-healthy-relationships,For healthy relationships,$29.99,False,897,5.0,11 ratings,"Dating & Relationships, Life",Formulas,Marie Bernard,5 templates,,Last updated 8 weeks ago,2
https://app.notion.com/marketplace/templates/business-planner-for-freelancers,Client and Project Tracker for Freelancers,$15.00,False,106,5.0,5 ratings,"Freelance, CRM, Social Media Planner, Work, Sales, Marketing, Social Media, Project Management, Roadmaps & Calendars",Formulas,Knowledge Unicorn,6 templates,,Last updated 32 weeks ago,14
https://app.notion.com/marketplace/templates/business-smart-goals-and-kpis-tracker,Business SMART Goals and KPIs Tracker,$10.00,False,554,5.0,15 ratings,"Startup, Company Goals, Marketing, KPI Tracker, Work, Operations, Project Management, Planning & Goals, Enterprise, Company Intranet, Wiki, Product","Charts, Layouts, Formulas",Solene,11 templates,,Last updated 27 weeks ago,2
https://app.notion.com/marketplace/templates/minimal-planner-438,Minimal Planner,Free,True,2.4K+,4.9,39 ratings,"Personal Planner, Personal Dashboards, To-Do Lists, Monthly Planner, Weekly Planner, Life, Personal Productivity","Layouts, Formulas",Pablo,27 templates,#5 in Monthly Planner,Last updated 39 weeks ago,10
https://app.notion.com/marketplace/templates/language-learning-156,language learning,Free,True,2.8K+,4.8,53 ratings,"Learning, Languages, Study Planner, Life, Hobbies, School",Formulas,muneeb,8 templates,#1 in Languages,Last updated 19 weeks ago,6
https://app.notion.com/marketplace/templates/partnerships,Partnership Tracker,Free,True,1K+,5.0,20 ratings,"CRM, Sales, Networking, Partnerships & Collaborations, Work, School, Career Building, Life, Marketing",Formulas,NOISSE,1 template,,Last updated 39 weeks ago,2
https://app.notion.com/marketplace/templates/finance-os-a-smart-personal-money-management-system,Finance OS | A Smart Personal Money Manager 2026,Free,True,3.3K+,4.9,34 ratings,"Personal Finance, Business Finance, Investing, Life, Work",Formulas,heyismail,312 templates,#2 in Investing,Last updated 20 weeks ago,2
https://app.notion.com/marketplace/templates/life-planner-by-vicky-chris,Life Planner,$29.00,False,167,5.0,14 ratings,"Personal Productivity, Personal Dashboards, Planning & Goals, Life, Project Management","Layouts, Formulas, Workflows & Automations",Vicky Chris,14 templates,,Last updated 4 weeks ago,12
https://app.notion.com/marketplace/templates/business-plan-builder,Business Plan Builder,Free,True,10K+,4.9,100+ ratings,"Company Planning, Planning & Goals, Project Plans, Starting a Startup, Annual Planning, Business Finance, Product Launch Plan, Work, Enterprise, Operations, Project Management, Docs, Startup, Marketing, Product","Layouts, Formulas",Power Of Habits,12 templates,#3 in Operations,Last updated 40 weeks ago,2
https://app.notion.com/marketplace/templates/linkinbio,Link in Bio and Blog for Creators,Free,True,545,4.8,16 ratings,"Link in Bio, Blogging, Personal Website, Work, Website Building, Freelance, Creators, Life, Hobbies, School, Career Building, Personal Productivity",Layouts,Kenny,6 templates,#32 in Personal Website,Last updated 28 weeks ago,8
https://app.notion.com/marketplace/templates/dungeons-and-dragons-dm-portal,Dungeons and Dragons DM Portal,$3.00,False,2.4K+,4.9,100+ ratings,"Hobbies, Notes & Knowledge, Entertainment, Life, Personal Productivity",Layouts,Bryson Bigler,3 templates,,Last updated 10 weeks ago,12
https://app.notion.com/marketplace/templates/dog-trainer-os,Dog Trainer OS: Complete Command Center,$49.99,False,,,,"Freelance, Home Services, Pets, Work, Life, Hobbies",,DreamTeam Systems,13 templates,,Last updated 6 days ago,6
https://app.notion.com/marketplace/templates/creative-blog-portfolio,Creative Blog & Portfolio,Free,True,914,4.9,19 ratings,"Portfolio, Personal Website, Blogging, Work, Website Building, School, Career Building, Life, Personal Productivity, Job Search, Hobbies",,Kesh,1 template,,,2
https://app.notion.com/marketplace/templates/story-of-ebook,Story of Ebook,Free,True,821,4.8,24 ratings,"Blogging, Writing, Hobbies, Work, Website Building, Life",,Weeve Design,2 templates,,,2
https://app.notion.com/marketplace/templates/network-builder-your-guide-to-meaningful-connections,Network Builder: Build Meaningful Connections,Free,True,1.4K+,4.9,24 ratings,"Networking, Planning & Goals, School, Career Building, Life, Project Management",,Growth Steps,6 templates,,,2
https://app.notion.com/marketplace/templates/money-tracker-charts-ai,Minimalist Money Tracker,$14.00,False,12K+,4.7,100+ ratings,"Personal Finance, Student Life, Budgets, Life, School",,desbyseb,495 templates,,Last updated 15 weeks ago,2
https://app.notion.com/marketplace/templates/personal-financial-budget,Personal Financial Budget,$10.00,False,253,5.0,5 ratings,"Budgets, Personal Finance, Personal Planner, School, Student Life, Life, Personal Productivity",,lex bex,5 templates,,Last updated 40 weeks ago,8
https://app.notion.com/marketplace/templates/personal-website-portfolio,Personal Website Portfolio,$3.00,False,150,5.0,5 ratings,"Creators, Portfolio, Personal Website, Work, Freelance, Website Building, School, Career Building, Life, Personal Productivity, Job Search",,Newblocs by Ian,19 templates,,Last updated 2 weeks ago,14
https://app.notion.com/marketplace/templates/ugc-content-hub,UGC and Social Media Content HUB,$0.99,False,656,4.9,17 ratings,"Creators, Social Media Planner, Social Media, Work, Freelance, Marketing, Project Management, Roadmaps & Calendars",,Sophrus,1 template,,Last updated 32 weeks ago,2
https://app.notion.com/marketplace/templates/crm-tracker,CRM Tracker,$9.00,False,562,4.9,9 ratings,"Sales, CRM, Work",,Easlo,33 templates,,,2
https://app.notion.com/marketplace/templates/business-os-all-in-one-operations-dashboard,Business OS | All-in-One Operations Dashboard,Free,True,1.1K+,4.9,15 ratings,"Operations, CRM, Enterprise, Work, Sales",,heyismail,312 templates,,Last updated 14 weeks ago,2
https://app.notion.com/marketplace/templates/recruitment-tracker-195,Recruitment Tracker,Free,True,461,5.0,13 ratings,"Recruiting, Agency, HR, Work",,Younes,135 templates,,Last updated 35 weeks ago,2
https://app.notion.com/marketplace/templates/wedding-planning-kit,Wedding planning kit,Free,True,12K+,4.8,100+ ratings,"Weddings, Life, Dating & Relationships",,elizabeth,1 template,,Last updated 45 weeks ago,2
https://app.notion.com/marketplace/templates/tiny-gamedev-organizer,Tiny GameDev Organizer,$11.00,False,264,4.9,8 ratings,"Video Games, Project Plans, Project Timeline, Life, Entertainment, Docs, Project Management, Roadmaps & Calendars",,Mineo Games,2 templates,,Last updated 7 weeks ago,10
https://app.notion.com/marketplace/templates/her-a-personal-love-journal,📓 HER – A Personal Love Journal,Free,True,211,5.0,9 ratings,"Personal Home, Blogging, Journaling, Life, Personal Productivity, Work, Website Building, Hobbies",,Shade,1 template,,Last updated 46 weeks ago,2
https://app.notion.com/marketplace/templates/fantasy-novel-dashboard-emeral-glade-edition,Fantasy Novel Dashboard - Emeral Glade Edition,$2.00,False,332,5.0,23 ratings,"Books, Hobbies, Project Plans, Life, Entertainment, Docs",,KB Custom Designs,21 templates,,Last updated 15 weeks ago,14
https://app.notion.com/marketplace/templates/professional-productivity-hub,professional productivity hub,$2.00,False,192,5.0,4 ratings,"Startup Operations, Social Media, Project Timeline, Work, Startup, Marketing, Project Management, Roadmaps & Calendars",,saanjh,8 templates,,Last updated 46 weeks ago,2
https://app.notion.com/marketplace/templates/notion-real-estate-dashboard,Real estate dashboard,Free,True,2.5K+,4.9,45 ratings,"Forms, Real Estate, CRM, Maps, Work, Freelance, Sales",,Notion,554 templates,,Last updated 34 weeks ago,10
https://app.notion.com/marketplace/templates/apartment-hunting,Apartment Hunting,Free,True,196,5.0,4 ratings,"House Hunting, Personal Planner, Real Estate, Life, Housing, Personal Productivity, Work, Freelance",,Planned by Paige,1 template,,Last updated 17 weeks ago,2
https://app.notion.com/marketplace/templates/the-best-second-brain,Best Second Brain,$49.00,False,1.2K+,4.9,24 ratings,"Design System, Student Life, Personal Planner, Second Brain, Work, Design, Wiki, Knowledge Base, School, Life, Personal Productivity",,desbyseb,495 templates,,Last updated 15 weeks ago,2
https://app.notion.com/marketplace/templates/goal-systems-full-version,Goal Systems - Full Version,$19.00,False,,5.0,13 ratings,"Personal Goals, Planning & Goals, Personal Productivity, Life, Seasonal, New Years, Project Management",,ClearConcept,10 templates,,Last updated 31 weeks ago,12
https://app.notion.com/marketplace/templates/couple-journal,Couple Journal,Free,True,1K+,4.9,16 ratings,"Dating & Relationships, Journaling, Weddings, Life, Personal Productivity",,Locominder,35 templates,,Last updated 11 weeks ago,16
https://app.notion.com/marketplace/templates/visa-application-organizer,Visa Application Organizer,$5.00,False,215,5.0,6 ratings,"Application Materials, Travel Planner, Travel, Visa & Immigration, Life",,Tammy Hazel | Kraneoteca,13 templates,,Last updated 39 weeks ago,2
https://app.notion.com/marketplace/templates/tekadocs,DOCS | Ultimate Project Documentation (2.0),$10.00,False,3.8K+,4.8,61 ratings,"Documentation, Knowledge Base, IT Support, Docs, Wiki, Project Management, Ticketing, Work, IT",,Teka,22 templates,,Last updated 17 weeks ago,8
https://app.notion.com/marketplace/templates/my-bride-or-die-wedding-planner,My Bride or Die Wedding Planner,Free,True,3.6K+,4.9,49 ratings,"Weddings, Life, Dating & Relationships",,My Bride or Die,1 template,,Last updated 6 days ago,10
https://app.notion.com/marketplace/templates/pet-care-tracking,Pet Care Tracking,$5.00,False,,,,"Pets, Life, Hobbies",,Stephen Bonfardin,1 template,,Last updated 33 weeks ago,2
https://app.notion.com/marketplace/templates/1-week-travel-planner,Travel Planner,$4.99,False,4.5K+,4.9,100+ ratings,"Travel Planner, Travel, Personal Planner, Life, Personal Productivity",,Purin,3 templates,,Last updated 40 weeks ago,2
https://app.notion.com/marketplace/templates/travel-planner-322,Travel Planner,$4.99,False,10K+,4.9,100+ ratings,"Travel, Travel Planner, Travel Wishlists, Life",,MyHueDesigns,13 templates,,Last updated 36 weeks ago,2
https://app.notion.com/marketplace/templates/the-grant-manager,The Grant Manager,$5.00,False,458,4.9,13 ratings,"Startup, Budgets, Business Finance, Work, School, Student Life, Life, Personal Finance",,TryOuts,24 templates,,,2
https://app.notion.com/marketplace/templates/real-estate-agent-manager-802,Real Estate Agent Manager,Free,True,255,5.0,6 ratings,"Real Estate, CRM, Sales, Work, Freelance",,MH Systems,164 templates,,Last updated 46 weeks ago,2
https://app.notion.com/marketplace/templates/album-production-hub-for-music-producers,Album Production Hub for Music Producers,$10.00,False,1.3K+,4.9,53 ratings,"Music, Project Roadmap, Documentation, Life, Entertainment, Project Management, Roadmaps & Calendars, Docs",,Hannes Wolf,7 templates,,Last updated 35 weeks ago,2
https://app.notion.com/marketplace/templates/simple-personal-finance-tracker-393,Simple Personal finance and budget tracker,Free,True,821,4.9,9 ratings,"Personal Finance, Budgets, Expense Tracker, Life, School, Student Life, Work, Business Finance",,The lazy student method,8 templates,,,2
https://app.notion.com/marketplace/templates/sims-story-board,Sims Story Board,Free,True,3.2K+,4.9,74 ratings,"Personal Planner, Video Games, Life, Personal Productivity, Entertainment",,Dumplin Siims,1 template,,,2
https://app.notion.com/marketplace/templates/expense-tracker-119,Expense Tracker,Free,True,35K+,4.9,500+ ratings,"Budgets, Personal Finance, Business Finance, Expense Tracker, School, Student Life, Life, Work",,Sentele,81 templates,,Last updated 8 weeks ago,2
https://app.notion.com/marketplace/templates/aesthetic-ultimate-life-planner,Aesthetic All in One Life Planner,$24.00,False,188,4.8,12 ratings,"Monthly Planner, Personal Planner, Personal Dashboards, Life, Personal Productivity",,She Notions,13 templates,,Last updated 6 weeks ago,14
https://app.notion.com/marketplace/templates/minecraft-hub,Minecraft Hub,Free,True,753,4.9,18 ratings,"Video Games, Planning & Goals, Life, Entertainment, Project Management",,Pretty Productivity ✨,6 templates,,Last updated 33 weeks ago,2
https://app.notion.com/marketplace/templates/monthly-budget-tracker-928,Monthly Budget Tracker,Free,True,5.6K+,4.9,42 ratings,"Personal Finance, Expense Tracker, Monthly Planner, Life, Work, Business Finance, Personal Productivity, Personal Planner",,SoumiaJ,4 templates,,Last updated 9 weeks ago,2
https://app.notion.com/marketplace/templates/freelancer-hub-minimal,Freelancer Hub – Minimal,Free,True,2.8K+,4.9,93 ratings,"Freelance, Project Plans, CRM, Work, Docs, Sales",,AMIIC Wealth,51 templates,,Last updated 4 weeks ago,2
https://app.notion.com/marketplace/templates/hi6,STUDY MODE,$1.00,False,,5.0,2 ratings,"Personal Website, Study Planner, School, Career Building, Life, Work, Website Building, Personal Productivity",,kasy,3 templates,,Last updated 19 weeks ago,2
https://app.notion.com/marketplace/templates/personal-reading-list,Reading List,$1.99,False,9.3K+,4.9,200+ ratings,"Books, Hobbies, Habit Tracking, Life, Entertainment, School, Student Life, Personal Productivity",,Loviet,10 templates,,Last updated 19 weeks ago,14
https://app.notion.com/marketplace/templates/skincare-planner-for-busy-professionals,Skincare Planner,$14.00,False,525,5.0,11 ratings,"Health & Fitness, Habit Tracking, Life, School, Student Life, Personal Productivity",,Linda,33 templates,,Last updated 5 days ago,14
https://app.notion.com/marketplace/templates/2025-goals,2025 goals,$0.99,False,856,4.9,17 ratings,"Personal Planner, New Years, Personal Goals, Life, Personal Productivity, Seasonal",,Danielle Verde,4 templates,,,2
https://app.notion.com/marketplace/templates/study-time-tracker,Study Time Tracker,$5.99,False,7.9K+,4.8,80 ratings,"Creators, Project Timeline, Student Planner, Time Tracking, Work, Freelance, Project Management, Roadmaps & Calendars, School, Study Planner, Life, Personal Productivity",,Study with Beta,18 templates,,Last updated 15 weeks ago,2
https://app.notion.com/marketplace/templates/life-design-pro,Life Architect OS,$27.00,False,3.8K+,4.9,72 ratings,"Personal Goals, New Years, Personal Productivity, Life, Seasonal",,json,20 templates,,Last updated 2 weeks ago,12
https://app.notion.com/marketplace/templates/personal-crm-tejitpabari,Personal CRM,Free,True,5.3K+,4.8,78 ratings,"Personal CRM, Career Building, Networking, School, Life, Work, Sales, CRM",,Tejit Pabari,1 template,,Last updated 45 weeks ago,2
https://app.notion.com/marketplace/templates/it-girl-life-planner,It Girl Life Planner,$7.99,False,35K+,4.8,1K+ ratings,"Personal Goals, Health & Fitness, Personal Planner, Personal Productivity, Student Planner, Life, Seasonal, New Years, School, Study Planner",,The Sunday Studio,2 templates,,,6
https://app.notion.com/marketplace/templates/d-and-d-dungeon-master-notes,D&D Dungeon Master Notes,Free,True,3.3K+,4.9,96 ratings,"Personal Planner, Video Games, Writing, Knowledge Base, Life, Personal Productivity, Entertainment, Hobbies, Wiki",,C.L. Cook,1 template,,,2
https://app.notion.com/marketplace/templates/sermon-planning,Sermon Planning,$1.00,False,72,5.0,5 ratings,"Writing, Teaching, Notes & Knowledge, Life, Hobbies, School, Personal Productivity",,Bert Alcorn,1 template,,,2
https://app.notion.com/marketplace/templates/all-in-one-wedding-planner,Wedding Planner & Honeymoon Planner,Free,True,3.1K+,5.0,63 ratings,"Weddings, Event Planning, Life, Dating & Relationships, Work, Freelance",,Marlene Konu,16 templates,,Last updated 12 weeks ago,2
